H_A_per_m,B_T
0.000000000000000000e+00,0.000000000000000000e+00
2.259146215112210498e+01,5.765593569017646303e-02
4.506045481965943367e+01,1.224123101019162219e-01
6.737544788907879934e+01,2.048290281085012321e-01
8.950525669473455537e+01,3.257932207285516024e-01
1.114190850832421091e+02,5.409360375989016312e-01
1.330865677461364953e+02,8.881954655949227950e-01
1.544778117703895646e+02,1.068779970119041689e+00
1.755634373497022693e+02,1.170002520353705444e+00
1.963146176019109816e+02,1.235322530549887166e+00
2.167031174393366086e+02,1.281240877246852428e+00
2.367013314404702555e+02,1.315422093413759264e+00
2.562823206730150787e+02,1.341924150479965938e+00
2.754198484200018129e+02,1.363103817773071658e+00
2.940884147624482239e+02,1.380427748941085220e+00
3.122632899738497940e+02,1.394858910467299040e+00
3.299205466836624510e+02,1.407057183825946023e+00
3.470370907688583202e+02,1.417490805567516610e+00
3.635906909346186353e+02,1.426501776985843684e+00
3.795600069472456539e+02,1.434346047555507209e+00
3.949246164844464602e+02,1.441219168227194869e+00
4.096650405702516764e+02,1.447273215234644361e+00
4.237627675639759559e+02,1.452628276143068886e+00
4.372002756748169077e+02,1.457380440500780416e+00
4.499610539758953678e+02,1.461607480862787245e+00
4.620296218937897379e+02,1.465372970021752153e+00
4.733915471518823210e+02,1.468729316144472996e+00
4.840334621481245563e+02,1.471720034342736572e+00
4.939430787501401028e+02,1.474381469808691891e+00
5.031092014929042193e+02,1.476744120600316901e+00
5.115217391665778450e+02,1.478833663775643403e+00
5.191717147844134388e+02,1.480671758624095391e+00
5.260512739230022135e+02,1.482276680177781802e+00
5.321536914294820235e+02,1.483663821833104635e+00
5.374733764926725144e+02,1.484846095742593741e+00
5.420058760774501252e+02,1.485834252323877891e+00
5.457478767240062325e+02,1.486637134898374235e+00
5.486972047159617887e+02,1.487261881523979312e+00
5.508528246236156747e+02,1.487714083117741781e+00
5.522148362308936385e+02,1.487997904693326490e+00
5.527844698568400190e+02,1.488116174763505661e+00
5.525640800847299943e+02,1.488088126958283963e+00
5.515571379141061925e+02,1.487959760061777770e+00
5.497682213532223159e+02,1.487730816110197196e+00
5.472030044715334043e+02,1.487400520526689585e+00
5.438682449339876257e+02,1.486967575111945994e+00
5.397717700409496047e+02,1.486430144471047043e+00
5.349224612996212045e+02,1.485785835599263249e+00
5.293302375548141754e+02,1.485031670187827446e+00
5.230060367088713065e+02,1.484164049033286581e+00
5.159617960624242414e+02,1.483178707733962209e+00
5.082104313095132397e+02,1.482070662625994739e+00
4.997658142223806408e+02,1.480834145639383204e+00
4.906427490629737349e+02,1.479462526428936497e+00
4.808569477598592812e+02,1.477948219740401248e+00
4.704250038908597276e+02,1.476282575488133242e+00
4.593643655132555068e+02,1.474455748421537482e+00
4.476933068848823041e+02,1.472456543509086391e+00
4.354308991208475845e+02,1.470272232226188303e+00
4.225969798319428037e+02,1.467888333736760087e+00
4.092121217920809499e+02,1.465288353427877777e+00
3.952976006832930125e+02,1.462453469283633289e+00
3.808753619679361009e+02,1.459362154019777869e+00
3.659679869388039037e+02,1.455989717539834638e+00
3.505986579988131098e+02,1.452307749830286543e+00
3.347911232228149174e+02,1.448283438484512020e+00
3.185696602549071486e+02,1.443878727058732103e+00
3.019590395953479742e+02,1.439049269591188951e+00
2.849844873318278360e+02,1.433743121650445262e+00
2.676716473704329928e+02,1.427899087431993230e+00
2.500465432221186290e+02,1.421444613008217006e+00
2.321355394009273709e+02,1.414293073754992580e+00
2.139653024905133520e+02,1.406340242861896073e+00
1.955627619357773597e+02,1.397459637608888805e+00
1.769550706165899499e+02,1.387496304495783539e+00
1.581695652606526892e+02,1.376258396488245994e+00
1.392337267525583400e+02,1.363505570160217228e+00
1.201751403960250428e+02,1.348932708380940149e+00
1.010214561861172911e+02,1.332146613905637045e+00
8.180034914803387380e+01,1.312631858571989829e+00
6.253947979871066565e+01,1.289699407117830710e+00
4.326645478709246362e+01,1.262406949797788780e+00
2.400878776845552309e+01,1.229430932659666853e+00
4.793860567592712840e+00,1.188852279569437398e+00
-1.435111531494281678e+01,1.137779295664408385e+00
-3.339913680004994490e+01,1.071642488375938562e+00
-5.232344687804700811e+01,9.827718199430495183e-01
-7.109757175553380648e+01,8.572305462729289394e-01
-8.969535745021676121e+01,6.667735722372309937e-01
-1.080910057837547100e+02,3.441474167389111383e-01
-1.262591097237363584e+02,-2.394371461199124862e-01
-1.441746880270300153e+02,-6.256930077476224872e-01
-1.618132191379221183e+02,-8.407234316756398984e-01
-1.791506742957234906e+02,-9.775326427013130148e-01
-1.961635498078189528e+02,-1.072088917773476924e+00
-2.128288984454999877e+02,-1.141234348683212163e+00
-2.291243599213535731e+02,-1.193905686757133378e+00
-2.450281904084384053e+02,-1.235285143731114754e+00
-2.605192910630161691e+02,-1.268584393972682411e+00
-2.755772355141665457e+02,-1.295899613809747830e+00
-2.901822962852486967e+02,-1.318656838538300180e+00
-3.043154701138196856e+02,-1.337859709792825313e+00
-3.179585021383298340e+02,-1.354234862269600992e+00
-3.310939089216584534e+02,-1.368321109503558120e+00
-3.437050002833281042e+02,-1.380526238475790590e+00
-3.557758999140404512e+02,-1.391164352327314058e+00
-3.672915647480314192e+02,-1.400481111847305726e+00
-3.782378030705964420e+02,-1.408671214159245011e+00
-3.886012913400372781e+02,-1.415890755765165210e+00
-3.983695897051958923e+02,-1.422266143059182752e+00
-4.075311562016760831e+02,-1.427900622581883994e+00
-4.160753596117987740e+02,-1.432879138491575333e+00
-4.239924909753079305e+02,-1.437271993795545821e+00
-4.312737737398126683e+02,-1.441137642361565385e+00
-4.379113725419410343e+02,-1.444524839917513903e+00
-4.438984006121540347e+02,-1.447474315714501802e+00
-4.492289257981810238e+02,-1.450020080952029389e+00
-4.538979752039983850e+02,-1.452190458336172219e+00
-4.579015384432851192e+02,-1.454008894716207312e+00
-4.612365695082473849e+02,-1.455494602658383041e+00
-4.639009872566852550e+02,-1.456663065103857013e+00
-4.658936745221298565e+02,-1.457526428597638812e+00
-4.672144758538182714e+02,-1.458093804060110354e+00
-4.678641938952046644e+02,-1.458371489070022342e+00
-4.678445844116077978e+02,-1.458368280756429769e+00
-4.671583499794784871e+02,-1.458255880340756372e+00
-4.658091323516291595e+02,-1.458034174633700442e+00
-4.638015035145958791e+02,-1.457702516001282422e+00
-4.611409554561022901e+02,-1.457259717567852775e+00
-4.578338886623634494e+02,-1.456704042061085280e+00
-4.538875993666945305e+02,-1.456033184093418198e+00
-4.493102655725880368e+02,-1.455244245529603297e+00
-4.441109318760734936e+02,-1.454333703433700942e+00
-4.382994931137863546e+02,-1.453297369915252935e+00
-4.318866768647415029e+02,-1.452130342996916346e+00
-4.248840248353271818e+02,-1.450826947396646416e+00
-4.173038731585113510e+02,-1.449380663847049888e+00
-4.091593316396703699e+02,-1.447784045250826379e+00
-4.004642619828280203e+02,-1.446028617579357745e+00
-3.912332550324091471e+02,-1.444104762942301612e+00
-3.814816070668667862e+02,-1.442001581664878795e+00
-3.712252951817639541e+02,-1.439706729474363733e+00
-3.604809518010211491e+02,-1.437206224976007363e+00
-3.492658383561412734e+02,-1.434484221435687656e+00
-3.375978181742406150e+02,-1.431522735407799063e+00
-3.254953286166891075e+02,-1.428301322852640221e+00
-3.129773525110525156e+02,-1.424796690942573996e+00
-3.000633889198781503e+02,-1.420982230575637217e+00
-2.867734232906198031e+02,-1.416827450443487679e+00
-2.731278970317280255e+02,-1.412297287981208571e+00
-2.591476765605373203e+02,-1.407351265156903564e+00
-2.448540218691832422e+02,-1.401942447122713098e+00
-2.302685546552636993e+02,-1.396016148211768781e+00
-2.154132260643988843e+02,-1.389508311116321337e+00
-2.003102840922136636e+02,-1.382343459081241122e+00
-1.849822406935525692e+02,-1.374432084225920780e+00
-1.694518386469729307e+02,-1.365667282519222203e+00
-1.537420182227075429e+02,-1.355920369473590625e+00
-1.378758837023893591e+02,-1.345035097617535147e+00
-1.218766697988389183e+02,-1.332819926748995298e+00
-1.057677080241615357e+02,-1.319037536963072021e+00
-8.957239305430039167e+01,-1.303390365021458219e+00
-7.331414913798167277e+01,-1.285500286692009331e+00
-5.701639659774452440e+01,-1.264879481512369397e+00
-4.070251847043317639e+01,-1.240887668180811865e+00
-2.439582733412185789e+01,-1.212667644127641164e+00
-8.119532368012961854e+00,-1.179045102864456629e+00
8.103293308694782482e+00,-1.138367284669998369e+00
2.424974497352399894e+01,-1.088231957045665554e+00
4.029711826824846810e+01,-1.025008649232169944e+00
5.622294075315252115e+01,-9.429391475612388662e-01
7.200500300470052650e+01,-8.323118638472378761e-01
8.762138921412773129e+01,-6.753671841649945273e-01
1.030505072453478164e+02,-4.357841174356725800e-01
1.182711181114913330e+02,-2.585788336838905355e-02
1.332623648304032713e+02,4.388521187216086750e-01
1.480038006204590602e+02,6.993456925038489258e-01
1.624754163991474059e+02,8.644989405955049167e-01
1.766576675480303322e+02,9.783749636769094593e-01
1.905314999088584784e+02,1.061502543463466619e+00
2.040783749768811219e+02,1.124737011946604914e+00
2.172802942586434654e+02,1.174357150792605831e+00
2.301198227629087967e+02,1.214246642807688570e+00
2.425801115946919140e+02,1.246936324825089315e+00
2.546449196237859098e+02,1.274145731541519444e+00
2.662986342006044538e+02,1.297083759711889384e+00
2.775262908936282997e+02,1.316624823514805254e+00
2.883135922242340712e+02,1.333416768564426258e+00
2.986469253762133462e+02,1.347949513307244551e+00
3.085133788588493076e+02,1.360600135611018890e+00
3.179007581039767842e+02,1.371663321484280162e+00
3.267975999790681954e+02,1.381372432541323469e+00
3.351931861999863145e+02,1.389914396284254172e+00
3.430775556286955066e+02,1.397440430335276984e+00
3.504415154428555752e+02,1.404073896189073523e+00
3.572766511658915647e+02,1.409916136632551664e+00
3.635753355477994546e+02,1.415050871749503392e+00
3.693307362886262126e+02,1.419547547752827432e+00
3.745368225982385297e+02,1.423463913553723703e+00
3.791883705876867907e+02,1.426848019661633993e+00
3.832809674891473719e+02,1.429739779003784905e+00
3.868110147031105726e+02,1.432172190962201164e+00
3.897757296731610381e+02,1.434172302850222680e+00
3.921731465903602043e+02,1.435761963607575353e+00
3.940021159309071095e+02,1.436958410307934031e+00
3.952623028323953349e+02,1.437774717543746306e+00
3.959541843156246159e+02,1.438220131779903488e+00
3.960790453605365542e+02,1.438300306579989307e+00
3.956389738464459924e+02,1.438208599932934595e+00
3.946368543683183816e+02,1.437999228186819245e+00
3.930763609423940466e+02,1.437671694426400082e+00
3.909619486159942312e+02,1.437224955599363030e+00
3.882988439978432780e+02,1.436657414001243804e+00
3.850930347267170646e+02,1.435966902612964446e+00
3.813512578976640270e+02,1.435150664029823497e+00
3.770809874664630570e+02,1.434205322587431830e+00
3.722904206543456667e+02,1.433126849144493953e+00
3.669884633763542752e+02,1.431910517819435347e+00
3.611847147180007482e+02,1.430550853791798804e+00
3.548894504861550558e+02,1.429041571063053517e+00
3.481136058612966053e+02,1.427375498816397803e+00
3.408687571794489486e+02,1.425544494710715426e+00
3.331671028732289983e+02,1.423539343076709818e+00
3.250214436025391365e+02,1.421349635536534040e+00
3.164451616064491191e+02,1.418963631020347060e+00
3.074521993088070531e+02,1.416368091476231550e+00
2.980570372110489075e+02,1.413548088727600405e+00
2.882746711065599357e+02,1.410486776876987980e+00
2.781205886517702766e+02,1.407165123324216172e+00
2.676107453299392773e+02,1.403561589776808338e+00
2.567615398443118693e+02,1.399651752469051047e+00
2.455897889779901959e+02,1.395407848021653852e+00
2.341127019584828872e+02,1.390798227759572736e+00
2.223478543654362340e+02,1.385786698576180642e+00
2.103131616205586738e+02,1.380331722191163069e+00
1.980268520991885737e+02,1.374385436340197941e+00
1.855074399033329087e+02,1.367892450265095983e+00
1.727736973363265918e+02,1.360788351705887855e+00
1.598446271195349198e+02,1.352997841774997045e+00
1.467394343917168840e+02,1.344432385174546107e+00
1.334774985318300082e+02,1.334987222543348562e+00
1.200783448461205154e+02,1.324537533729164940e+00
1.065616161604076808e+02,1.312933456876251626e+00
9.294704435840378665e+01,1.299993544858063066e+00
7.925442190686408139e+01,1.285496056019904909e+00
6.550357340818122509e+01,1.269167194716677827e+00
5.171432722086436229e+01,1.250664978689458362e+00
3.790648718806687612e+01,1.229556711245981981e+00
2.409980451402574175e+01,1.205286892164520340e+00
1.031394982789588965e+01,1.177130473586149417e+00
-3.431514525962048978e+00,1.144123010406638219e+00
-1.711716193265120012e+01,1.104953185943617910e+00
-3.072372864832124861e+01,1.057791738333330844e+00
-4.423214060118662161e+01,1.000008077625132330e+00
-5.762353981516458390e+01,9.276780097742467479e-01
-7.087931041996668569e+01,8.346777627921374565e-01
-8.398110421225021582e+01,7.108926529561869767e-01
-9.691086573317865316e+01,5.383345892587199089e-01
-1.096508568286023291e+02,2.816324236855816121e-01
-1.221836806589172113e+02,-1.300850195537497922e-01
-1.344923051265918446e+02,-4.727971261836129147e-01
-1.465600856902983651e+02,-6.857528188782033851e-01
-1.583707875355899262e+02,-8.306740705280797332e-01
-1.699086070731049176e+02,-9.354854210342680165e-01
-1.811581927363424427e+02,-1.014661085956846343e+00
-1.921046650521772676e+02,-1.076452210898792394e+00
-2.027336359584088825e+02,-1.125906187460368635e+00
-2.130312273438366617e+02,-1.166283521224871222e+00
-2.229840887875404860e+02,-1.199783828743950176e+00
-2.325794144752869954e+02,-1.227944437239168574e+00
-2.418049592722443606e+02,-1.251871792440971021e+00
-2.506490539324752262e+02,-1.272382140725412780e+00
-2.591006194269780849e+02,-1.290090434118623897e+00
-2.671491803733852635e+02,-1.305468401097867215e+00
-2.747848775517655895e+02,-1.318883573177213053e+00
-2.819984794923500431e+02,-1.330626171362553345e+00
-2.887813931223772101e+02,-1.340928036238044241e+00
-2.951256734606426448e+02,-1.349976214241433103e+00
-3.010240323497464487e+02,-1.357922875412586716e+00
-3.064698462174342239e+02,-1.364892662536844270e+00
-3.114571628598581583e+02,-1.370988209240531663e+00
-3.159807072409956277e+02,-1.376294331046845398e+00
-3.200358863038929940e+02,-1.380881239683225736e+00
-3.236187927908266033e+02,-1.384807027792820833e+00
-3.267262080709007250e+02,-1.388119600753549898e+00
-3.293556039750135938e+02,-1.390858183369215073e+00
-3.315051436395492601e+02,-1.393054494639953456e+00
-3.331736813615485175e+02,-1.394733659012362237e+00
-3.343607614695202415e+02,-1.395914904387795197e+00
-3.350666162154316794e+02,-1.396612083664382942e+00
-3.352921626947963887e+02,-1.396834046283088160e+00
-3.350389988031305393e+02,-1.396767646499624149e+00
-3.343093982383913954e+02,-1.396575908354825257e+00
-3.331063045603315231e+02,-1.396258503507479043e+00
-3.314333243190033613e+02,-1.395814560570626472e+00
-3.292947192659261759e+02,-1.395242659306409561e+00
-3.266953976626802501e+02,-1.394540819217121141e+00
-3.236409047029210342e+02,-1.393706482355352660e+00
-3.201374120650045825e+02,-1.392736490066563526e+00
-3.161917066135865753e+02,-1.391627053259857139e+00
-3.118111782696987575e+02,-1.390373715673612232e+00
-3.070038070699052923e+02,-1.388971309457646797e+00
-3.017781494362293415e+02,-1.387413902228019635e+00
-2.961433236795621724e+02,-1.385694734558440055e+00
-2.901089947602793018e+02,-1.383806146646658242e+00
-2.836853583307508870e+02,-1.381739492626302024e+00
-2.768831240853525628e+02,-1.379485040673670060e+00
-2.697134984444711563e+02,-1.377031856671349974e+00
-2.621881665998469089e+02,-1.374367668718905255e+00
-2.543192739493871670e+02,-1.371478709203281632e+00
-2.461194069503470416e+02,-1.368349530429615823e+00
-2.376015734204895580e+02,-1.364962788930103699e+00
-2.287791823174985382e+02,-1.361298992466558611e+00
-2.196660230275520576e+02,-1.357336202358375710e+00
-2.102762441945236844e+02,-1.353049682018523825e+00
-2.006243321218212543e+02,-1.348411480354911651e+00
-1.907250887793528022e+02,-1.343389935843845251e+00
-1.805936094485319927e+02,-1.337949083404131434e+00
-1.702452600386268955e+02,-1.332047941418382564e+00
-1.596956541081028149e+02,-1.325639649980948187e+00
-1.489606296248652768e+02,-1.318670423168407657e+00
-1.380562254995764988e+02,-1.311078267080859394e+00
-1.269986579263939461e+02,-1.302791400525496135e+00
-1.158042965656087375e+02,-1.293726294974326230e+00
-1.044896406027630320e+02,-1.283785222587460417e+00
-9.307129471885231453e+01,-1.272853162342182154e+00
-8.156594500621898192e+01,-1.260793859678662088e+00
-6.999033486466603904e+01,-1.247444756991805237e+00
-5.836124091222340837e+01,-1.232610399018655656e+00
-4.669544894484223363e+01,-1.216053750132114031e+00
-3.500972997906946915e+01,-1.197484609830172575e+00
-2.332081641152136697e+01,-1.176543928978775133e+00
-1.164537832865298839e+01,-1.152782229312536710e+00
-6.981083180634030137e-13,-1.125629367769088285e+00
1.159884341236246819e+01,-1.094351307017055852e+00
2.313480889580754507e+01,-1.057986876377058572e+00
3.459170834874129952e+01,-1.015252816440636252e+00
4.595353103048284282e+01,-9.643968595683301004e-01
5.720446566868522353e+01,-9.029623433772098196e-01
6.832892219415728619e+01,-8.273952808837121697e-01
7.931155307361213147e+01,-7.323554317867378982e-01
9.013727421154298725e+01,-6.094338913208269259e-01
1.007912853931581907e+02,-4.445807470343130507e-01
1.112590902410859144e+02,-2.124241999724974517e-01
1.215265156593444118e+02,1.333393833150870733e-01
1.315797307389259743e+02,4.337384986448926116e-01
1.414052651001899221e+02,6.322924247503687312e-01
1.509900266481976985e+02,7.730252827871828547e-01
1.603213187180126056e+02,8.777724310352934545e-01
1.693868565879837149e+02,9.585945578454313498e-01
1.781747833399990384e+02,1.022695972122759311e+00
1.866736850467213173e+02,1.074644689092344452e+00
1.948726052668454827e+02,1.117476589717726565e+00
2.027610588304955854e+02,1.153287469113909225e+00
2.103290448979484495e+02,1.183570188357114361e+00
2.175670592759745148e+02,1.209416382911975507e+00
2.244661059772196836e+02,1.231642217409262274e+00
2.310177080091727362e+02,1.250869576726145516e+00
2.372139173804271195e+02,1.267580082857233670e+00
2.430473243131005177e+02,1.282151980470617181e+00
2.485110656514610810e+02,1.294885903837355912e+00
2.535988324579855089e+02,1.306023239998953533e+00
2.583048767892746582e+02,1.315759447870180621e+00
2.626240176454452353e+02,1.324253869470370271e+00
2.665516460878240537e+02,1.331637055507150169e+00
2.700837295209726676e+02,1.338016298953906613e+00
2.732168151362834578e+02,1.343479855564793768e+00
2.759480325155876130e+02,1.348100187149210205e+00
2.782750953944205321e+02,1.351936466223003563e+00
2.801963025857934895e+02,1.355036513451130187e+00
2.817105380665054781e+02,1.357438292015834991e+00
2.828172702292223448e+02,1.359171049172732681e+00
2.835165503047199991e+02,1.360256170503164386e+00
2.838090099598574625e+02,1.360707793848642266e+00
2.836958580779965473e+02,1.360670876015555919e+00
2.831788767297224467e+02,1.360501962662541420e+00
2.822604163428437118e+02,1.360200903784830828e+00
2.809433900817531935e+02,1.359767020159460493e+00
2.792312674473200218e+02,1.359199100151033068e+00
2.771280671095472030e+02,1.358495391562298593e+00
2.746383489862747638e+02,1.357653588426305236e+00
2.717672055822302468e+02,1.356670812550563321e+00
2.685202526037226676e+02,1.355543589532849591e+00
2.649036188652516444e+02,1.354267818870381612e+00
2.609239355052412179e+02,1.352838737676427261e+00
2.565883245290325476e+02,1.351250877397669914e+00
2.519043866981431847e+02,1.349498012788298729e+00
2.468801887856727149e+02,1.347573102238311948e+00
2.415242502185413684e+02,1.345468218368745861e+00
2.358455291280505435e+02,1.343174467588963861e+00
2.298534078310105428e+02,1.340681897052926175e+00
2.235576777643968001e+02,1.337979387142576027e+00
2.169685238971906927e+02,1.335054527234942112e+00
2.100965086437044249e+02,1.331893472059658468e+00
2.029525553033123515e+02,1.328480775405797010e+00
1.955479310520732383e+02,1.324799197266018691e+00
1.878942295122780592e+02,1.320829479680003082e+00
1.800033529264435117e+02,1.316550085516206448e+00
1.718874939627436333e+02,1.311936893157241268e+00
1.635591171792664795e+02,1.306962838458676890e+00
1.550309401748921516e+02,1.301597493340572731e+00
1.463159144548877748e+02,1.295806567821535360e+00
1.374272060396359905e+02,1.289551319050805001e+00
1.283781758451588644e+02,1.282787846711049173e+00
1.191823598643010058e+02,1.275466248748970299e+00
1.098534491776167954e+02,1.267529604324913128e+00
1.004052698231236747e+02,1.258912741577783212e+00
9.085176255417849234e+01,1.249540735468060326e+00
8.120696251476165628e+01,1.239327064443985327e+00
7.148497886146977010e+01,1.228171332335169064e+00
6.169997436146434211e+01,1.215956431340005084e+00
5.186614499555425795e+01,1.202544979754747612e+00
4.199769959544428133e+01,1.187774809008635302e+00
3.210883954405126417e+01,1.171453190788254162e+00
2.221373856754350840e+01,1.153349374526029258e+00
1.232652264754584692e+01,1.133184829488601775e+00
2.461250081657641253e+00,1.110620324165418671e+00
-7.368108279902322977e+00,1.085238579859975072e+00
-1.714768859405671009e+01,1.056520624111824347e+00
-2.686375335398163955e+01,1.023813004095914803e+00
-3.650271046093913441e+01,9.862814567148767697e-01
-4.605113201268893164e+01,9.428440288435788741e-01
-5.549577278283035042e+01,8.920721683736989593e-01
-6.482358836598073992e+01,8.320403431645937431e-01
-7.402175296426025852e+01,7.600899763680040166e-01
-8.307767679118092019e+01,6.724447737353078658e-01
-9.197902306965593766e+01,5.635555182378562122e-01
-1.007137246015366685e+02,4.249229086468013783e-01
-1.092699998867682609e+02,2.428390959719731179e-01
-1.176363687710073265e+02,-6.320298584991473900e-03
-1.258016676012698412e+02,-2.982717273580299810e-01
-1.337550638699867420e+02,-5.050252495633575922e-01
-1.414860703286496459e+02,-6.547343062739237052e-01
-1.489845585530343897e+02,-7.678860442087236393e-01
-1.562407719428858854e+02,-8.561931583299974280e-01
-1.632453381397797330e+02,-9.268359947259016129e-01
-1.699892808477974029e+02,-9.844604746186306210e-01
-1.764640310425623682e+02,-1.032204696663697518e+00
-1.826614375550940963e+02,-1.072263839279756770e+00
-1.885737770179065080e+02,-1.106218710402597338e+00
-1.941937631617224440e+02,-1.135235783295677203e+00
-1.995145554521465669e+02,-1.160193764784692494e+00
-2.045297670566369845e+02,-1.181766348085133256e+00
-2.092334721330857121e+02,-1.200477868665641212e+00
-2.136202124323392582e+02,-1.216741666037300273e+00
-2.176850032079949244e+02,-1.230887098420164971e+00
-2.214233384278086589e+02,-1.243178927258405730e+00
-2.248311952820913291e+02,-1.253831456737607652e+00
-2.279050379854676578e+02,-1.263018994978964971e+00
-2.306418208694081216e+02,-1.270883687515157456e+00
-2.330389907639636249e+02,-1.277541440607810275e+00
-2.350944886681432422e+02,-1.283086432402480659e+00
-2.368067507094000916e+02,-1.287594562250920394e+00
-2.381747083937025025e+02,-1.291126087295463964e+00
-2.391977881486599813e+02,-1.293727624658373099e+00
-2.398759101631897863e+02,-1.295433647105611152e+00
-2.402094865281820262e+02,-1.296267563187144312e+00
-2.401994186836079734e+02,-1.296263527511327229e+00
-2.398470941784832178e+02,-1.296122171324110672e+00
-2.391543827510448068e+02,-1.295843523071994019e+00
-2.381236317374484770e+02,-1.295427106618759705e+00
-2.367576608182089046e+02,-1.294871940398058197e+00
-2.350597561125191532e+02,-1.294176532332261598e+00
-2.330336636314676753e+02,-1.293338870474121105e+00
-2.306835821020468984e+02,-1.292356409263073047e+00
-2.280141551746936557e+02,-1.291226051221319615e+00
-2.250304630279256912e+02,-1.289944123844430024e+00
-2.217380133844557122e+02,-1.288506351365448666e+00
-2.181427319539262442e+02,-1.286907820988446582e+00
-2.142509523181851705e+02,-1.285142943094958357e+00
-2.100694052757405359e+02,-1.283205404822323370e+00
-2.056052076627367740e+02,-1.281088116293683132e+00
-2.008658506684828922e+02,-1.278783148641827738e+00
-1.958591876641942235e+02,-1.276281662809053641e+00
-1.905934215642446361e+02,-1.273573827917687362e+00
-1.850770917398070310e+02,-1.270648727784745580e+00
-1.793190605053132174e+02,-1.267494253891807254e+00
-1.733284991987072772e+02,-1.264096982808195824e+00
-1.671148738769472004e+02,-1.260442035690304330e+00
-1.606879306486728183e+02,-1.256512917027808873e+00
-1.540576806664002731e+02,-1.252291329260207808e+00
-1.472343848009846283e+02,-1.247756959221353990e+00
-1.402285380214603379e+02,-1.242887231555893646e+00
-1.330508535037013189e+02,-1.237657023251940824e+00
-1.257122464916199363e+02,-1.232038332200263042e+00
-1.182238179349045168e+02,-1.225999891158748634e+00
-1.105968379275004025e+02,-1.219506716589879414e+00
-1.028427289712241191e+02,-1.212519579440740181e+00
-9.497304908907736376e+01,-1.204994381907666945e+00
-8.699947481290476503e+01,-1.196881420381856076e+00
-7.893378407015848097e+01,-1.188124509854863398e+00
-7.078783899455356732e+01,-1.178659938731443590e+00
-6.257356868540651362e+01,-1.168415214785065714e+00
-5.430295194044568063e+01,-1.157307552257109018e+00
-4.598799998679455570e+01,-1.145242035953227155e+00
-3.764073923474845174e+01,-1.132109379380287217e+00
-2.927319407883417668e+01,-1.117783168722869869e+00
-2.089736977046136346e+01,-1.102116450238366463e+00
-1.252523538630170918e+01,-1.084937471763768535e+00
-4.168706916277399088e+00,-1.066044324044406189e+00
4.160369505226438669e+00,-1.045198136408332479e+00
1.245023420158166338e+01,-1.022114351631670637e+00
2.068923036659945680e+01,-9.964514177311363241e-01
2.886582026502395593e+01,-9.677959601628369768e-01
3.696860119860636473e+01,-9.356430889457596489e-01
4.498632121595078814e+01,-8.993698738184681130e-01
5.290789454475345366e+01,-8.581990565520574155e-01
6.072241672556464209e+01,-8.111485394640135516e-01
6.841917942669576291e+01,-7.569596978769125295e-01
7.598768492042978551e+01,-6.939933904764491457e-01
8.341766020127037962e+01,-6.200753203597376695e-01
9.069907072752687327e+01,-5.322594406690365210e-01
9.782213376816443429e+01,-4.264538460588163105e-01
1.047773313374835737e+02,-2.968059362891470876e-01
1.115554227008264832e+02,-1.346444771803536611e-01
1.181474564352230630e+02,7.344477827202507136e-02
1.245447820295516266e+02,3.075181662810214656e-01
1.307390610095300190e+02,4.829267104836170166e-01
1.367222775735882010e+02,6.159853722606454252e-01
1.424867487264075123e+02,7.200799429271821372e-01
1.480251338977033129e+02,8.034753324711285671e-01
1.533304440345968942e+02,8.715490652994997145e-01
1.583960501567206904e+02,9.279494303038787750e-01
1.632156913640203015e+02,9.752374254869328185e-01
1.677834822880184618e+02,1.015262343240403542e+00
1.720939199781518596e+02,1.049391575106373597e+00
1.761418902156287913e+02,1.078656617967287623e+00
1.799226732480865962e+02,1.103848867013478507e+00
1.834319489392042897e+02,1.125584226756245698e+00
1.866658013282592492e+02,1.144347747301795337e+00
1.896207225954923956e+02,1.160525110050996345e+00
1.922936164300085125e+02,1.174425241608643145e+00
1.946818007977931586e+02,1.186296808788653845e+00
1.967830101083024488e+02,1.196340406576669624e+00
1.985953967789446324e+02,1.204717655552434818e+00
2.001175321976206476e+02,1.211558039680542986e+00
2.013484070843690290e+02,1.216964060097490252e+00
2.022874312539916275e+02,1.221015107870751848e+00
2.029344327823963283e+02,1.223770339352283409e+00
2.032896565802279838e+02,1.225270753216544994e+00
2.033537623781859622e+02,1.225540606625010076e+00
2.031278221292533033e+02,1.225430729302682265e+00
2.026133168338666053e+02,1.225180009903389822e+00
2.018121327948592807e+02,1.224788175360446152e+00
2.007265573097920139e+02,1.224254483862806220e+00
1.993592738090585783e+02,1.223577722473817131e+00
1.977133564489090816e+02,1.222756201271703258e+00
1.957922641692736647e+02,1.221787743966336937e+00
1.935998342269965633e+02,1.220669674900747737e+00
1.911402752157862892e+02,1.219398802298294671e+00
1.884181595848857569e+02,1.217971397566573133e+00
1.854384156691247370e+02,1.216383170415838988e+00
1.822063192436613690e+02,1.214629239491916923e+00
1.787274846173542358e+02,1.212704098159965271e+00
1.750078552792929258e+02,1.210601575004642161e+00
1.710536941136082874e+02,1.208314788532577566e+00
1.668715731982298109e+02,1.205836095472657021e+00
1.624683632037863390e+02,1.203157031966272994e+00
1.578512224093618386e+02,1.200268246820761053e+00
1.530275853522866214e+02,1.197159425861520354e+00
1.480051511295980617e+02,1.193819206258114773e+00
1.427918713692407948e+02,1.190235079512324212e+00
1.373959378894626866e+02,1.186393281576209491e+00
1.318257700652388280e+02,1.182278668308951675e+00
1.260900019209023242e+02,1.177874574174352151e+00
1.201974689684602140e+02,1.173162651716237681e+00
1.141571948113806911e+02,1.168122688914093876e+00
1.079783775338632239e+02,1.162732401000541538e+00
1.016703758958583990e+02,1.156967192696403135e+00
9.524269535428098266e+01,1.150799886063885058e+00
8.870497393102620265e+01,1.144200408263376101e+00
8.206696794855031385e+01,1.137135432386130462e+00
7.533853765386741941e+01,1.129567963174784584e+00
6.852963275188928094e+01,1.121456857773968974e+00
6.165027786909771379e+01,1.112756269594282088e+00
5.471055796853381281e+01,1.103415000821273972e+00
4.772060373708630010e+01,1.093375745922897435e+00
4.069057696601613117e+01,1.082574204528881756e+00
3.363065594556840665e+01,1.070938037043258406e+00
2.655102089444502056e+01,1.058385630001714039e+00
1.946183944474324434e+01,1.044824630091112150e+00
1.237325220283951488e+01,1.030150195362155241e+00
5.295358406485098257e+00,1.014242898745138177e+00
-1.761798301837502301e+00,9.969662015083002871e-01
-8.788243965476372210e+00,9.781633913778333689e-01
-1.577408824856011904e+01,9.576538497165527630e-01
-2.270953819610569013e+01,9.352284716874874615e-01
-2.958491180036125456e+01,9.106440087989366994e-01
-3.639065135483566138e+01,8.836160290073520329e-01
-4.311733657782930607e+01,8.538100874314216160e-01
-4.975569748768253220e+01,8.208305585653541403e-01
-5.629662701239614364e+01,7.842063804652050774e-01
-6.273119331669941801e+01,7.433726749834710379e-01
-6.905065183014701802e+01,6.976467927675803482e-01
-7.524645696028301245e+01,6.461967195916314965e-01
-8.131027347544524275e+01,5.879988624417311627e-01
-8.723398754231384089e+01,5.217808298596458005e-01
-9.300971740384419206e+01,4.459426282546521403e-01
-9.862982368380983189e+01,3.584461893088526363e-01
-1.040869193047682444e+02,2.566573868929676316e-01
-1.093738790068494353e+02,1.371149686067915097e-01
-1.144838484554064451e+02,-4.816187158073026442e-03
-1.194102529261889458e+02,-1.754809704981175889e-01
-1.241468055573486424e+02,-3.490255406723395959e-01
-1.286875151582561614e+02,-4.842343959787712149e-01
-1.330266935657590750e+02,-5.918059239320718756e-01
-1.371589625392216476e+02,-6.790659857202709926e-01
-1.410792601863512061e+02,-7.509364880256961250e-01
-1.447828469125337847e+02,-8.108441590012601674e-01
-1.482653108871090524e+02,-8.612457463754161768e-01
-1.515225730207167771e+02,-9.039460649562084393e-01
-1.545508914485805860e+02,-9.402982908693946484e-01
-1.573468655153164093e+02,-9.713343607945172931e-01
-1.599074392575732588e+02,-9.978523158728687115e-01
-1.622299043815527284e+02,-1.020476253987067539e+00
-1.643119027331868551e+02,-1.039698352352998567e+00
-1.661514282594714871e+02,-1.055908850288882039e+00
-1.677468284602048811e+02,-1.069417755807252846e+00
-1.690968053300907741e+02,-1.080470736273333454e+00
-1.702004157919028557e+02,-1.089260832640475574e+00
-1.710570716221290581e+02,-1.095937106804510286e+00
-1.716665388712247875e+02,-1.100610980853563348e+00
-1.720289367813260810e+02,-1.103360788724816022e+00
-1.721447362049694618e+02,-1.104234894001447476e+00
-1.720147575290673103e+02,-1.104159296633638210e+00
-1.716401681090744376e+02,-1.103941099573543472e+00
-1.710224792189585514e+02,-1.103580221680376283e+00
-1.701635425232574050e+02,-1.103076157893931875e+00
-1.690655460781579791e+02,-1.102427979052088114e+00
-1.677310098691802409e+02,-1.101634329005182877e+00
-1.661627808936754036e+02,-1.100693419025268405e+00
-1.643640277969641943e+02,-1.099603019478747612e+00
-1.623382350715461371e+02,-1.098360448701334091e+00
-1.600891968293865943e+02,-1.096962558984150293e+00
-1.576210101578687386e+02,-1.095405719548606216e+00
-1.549380680705361044e+02,-1.093685796354964213e+00
-1.520450520642973800e+02,-1.091798128554695824e+00
-1.489469242952642389e+02,-1.089737501359254956e+00
-1.456489193859028717e+02,-1.087498115057174974e+00
-1.421565358766456200e+02,-1.085073549866710785e+00
-1.384755273355620488e+02,-1.082456726261868063e+00
-1.346118931401306895e+02,-1.079639860354714376e+00
-1.305718689455551100e+02,-1.076614413855403019e+00
-1.263619168544577462e+02,-1.073371038062224114e+00
-1.219887153031586706e+02,-1.069899511256001912e+00
-1.174591486800824782e+02,-1.066188668784762816e+00
-1.127802966921528594e+02,-1.062226325024166806e+00
-1.079594234953462433e+02,-1.057999186284735327e+00
-1.030039666058236776e+02,-1.053492753606119825e+00
-9.792152560833073949e+01,-1.048691214228951729e+00
-9.271985067876222786e+01,-1.043577320362994332e+00
-8.740683093798635639e+01,-1.038132253672862104e+00
-8.199048265420726977e+01,-1.032335473675189963e+00
-7.647893731127911110e+01,-1.026164547978896779e+00
-7.088042956050649934e+01,-1.019594961997310367e+00
-6.520328507357464787e+01,-1.012599905410621171e+00
-5.945590831431078982e+01,-1.005150032251513004e+00
-5.364677024702108099e+01,-9.972131910165420443e-01
-4.778439599918625191e+01,-9.887541206602332711e-01
-4.187735249626386036e+01,-9.797341076951620042e-01
-3.593423608634272171e+01,-9.701105988850169393e-01
-2.996366017232114132e+01,-9.598367631617741313e-01
-2.397424286919502734e+01,-9.488609954031854699e-01
-1.797459470396374215e+01,-9.371263535506082487e-01
-1.197330637549136867e+01,-9.245699192044607440e-01
-5.978936591541956780e+00,-9.111220702774025515e-01
-7.168415228656016668e-13,-8.967056524827914377e-01
5.955044768885220385e+00,-8.812350343557171506e-01
1.187780693265473886e+01,-8.646150281126727677e-01
1.775997524282578510e+01,-8.467396559229716235e-01
2.359332951104524767e+01,-8.274907380658291789e-01
2.936975195941483463e+01,-8.067362759705638542e-01
3.508123837952630453e+01,-7.843285992971744669e-01
4.071990908505437545e+01,-7.601022420660910051e-01
4.627801964314081573e+01,-7.338715085124551951e-01
5.174797137014697768e+01,-7.054276850545744271e-01
5.712232157776519159e+01,-6.745358509295362737e-01
6.239379355588971521e+01,-6.409312373244037131e-01
6.755528627906373629e+01,-6.043150842789429822e-01
7.259988382377962068e+01,-5.643499479144913344e-01
7.752086448437189858e+01,-5.206544202092444618e-01
8.231170957570815006e+01,-4.727972434787346412e-01
8.696611191138933350e+01,-4.202908377728740152e-01
9.147798394667896105e+01,-3.625843202551050082e-01
9.584146557588528026e+01,-2.990561940576358380e-01
1.000509315744792502e+02,-2.290070386414405634e-01
1.041009986767512743e+02,-1.516527707829247729e-01
1.079865322803815104e+02,-6.611940189306336757e-02
1.117026527698636187e+02,2.855925655719820933e-02
1.152447414512880783e+02,1.334387276077609874e-01
1.186084460915818539e+02,2.496525601223803514e-01
1.217896860558940233e+02,3.719690297389808831e-01
1.247846570374119466e+02,4.743903077218637465e-01
1.275898353744924378e+02,5.586296891451500990e-01
1.302019819506077170e+02,6.286078982142162541e-01
1.326181456732177821e+02,6.871505587934100268e-01
1.348356665282890674e+02,7.363401966216138739e-01
1.368521782078055935e+02,7.777398842044753735e-01
1.386656103082356140e+02,8.125398655708014894e-01
1.402741900985309371e+02,8.416562709521401286e-01
1.416764438568649211e+02,8.657990676473736880e-01
1.428711977759230933e+02,8.855196821354358594e-01
1.438575784371824682e+02,9.012448241936918958e-01
1.446350128552265346e+02,9.133006967159724709e-01
1.452032280937494590e+02,9.219303202460145119e-01
1.455622504555083481e+02,9.273057720874425813e-01
1.457124042490822262e+02,9.295365267512896157e-01
1.456543101358840602e+02,9.294966642449600247e-01
1.453888830614595804e+02,9.293143432466879350e-01
1.449173297756827878e+02,9.289896533717361127e-01
1.442411459470233979e+02,9.285223111194800261e-01
1.433621128766222341e+02,9.279116613167450733e-01
1.422822938184544910e+02,9.271566765722982773e-01
1.410040299124007390e+02,9.262559547662938542e-01
1.395299357375667739e+02,9.252077145815749137e-01
1.378628944937074152e+02,9.240097890673464320e-01
1.360060528191054061e+02,9.226596172097185633e-01
1.339628152537470385e+02,9.211542334677260691e-01
1.317368383570958201e+02,9.194902552175632238e-01
1.293320244902326976e+02,9.176638680317266150e-01
1.267525152725626754e+02,9.156708087034399757e-01
1.240026847237105585e+02,9.135063459099679317e-01
1.210871321016410178e+02,9.111652583911351577e-01
1.180106744484210282e+02,9.086418105013958080e-01
1.147783388554132245e+02,9.059297249751185888e-01
1.113953544600498020e+02,9.030221527252075830e-01
1.078671441866570149e+02,8.999116394747930237e-01
1.041993162441294629e+02,8.965900890004141477e-01
1.003976553935396225e+02,8.930487227429209085e-01
9.646811399904265727e+01,8.892780355192864139e-01
9.241680287570160601e+01,8.852677470447811725e-01
8.824998194808372887e+01,8.810067489506971938e-01
8.397405073369316142e+01,8.764830469583593242e-01
7.959553866550712087e+01,8.716836978459321372e-01
7.512109526804754012e+01,8.665947408212155700e-01
7.055748020156796940e+01,8.612011228919451700e-01
6.591155318908079153e+01,8.554866178064093329e-01
6.119026384103510452e+01,8.494337381227445860e-01
5.640064139256489995e+01,8.430236399572987871e-01
5.154978436827803989e+01,8.362360199633727120e-01
4.664485018959950224e+01,8.290490041048972358e-01
4.169304473971644853e+01,8.214390278195573547e-01
3.670161190116185423e+01,8.133807072179279896e-01
3.167782308104835565e+01,8.048467010465847338e-01
2.662896673894445598e+01,7.958075632627952256e-01
2.156233793228932782e+01,7.862315862376725306e-01
1.648522789418687040e+01,7.760846348380430193e-01
1.140491365829167059e+01,7.653299719527448808e-01
6.328647745393052304e+00,7.539280764493219156e-01
1.263647926143701472e+00,7.418364551003300278e-01
-3.782912925787096814e+00,7.290094507397126833e-01
-8.803916876028569760e+00,7.153980498422551904e-01
-1.379231085340308383e+01,7.009496939158026407e-01
-1.874111644173617108e+01,6.856081006212313422e-01
-2.364343952614402866e+01,6.693131024667196005e-01
-2.849247978064780185e+01,6.520005133527557728e-01
-3.328153998421641546e+01,6.336020362810488304e-01
-3.800403515265266918e+01,6.140452293079383672e-01
-4.265350147404888048e+01,5.932535514600072446e-01
-4.722360503585545644e+01,5.711465159853057472e-01
-5.170815033196277000e+01,5.476399851380950867e-01
-5.610108853855616928e+01,5.226466488244430053e-01
-6.039652554786651706e+01,4.960767389662762428e-01
-6.458872974933967726e+01,4.678390423879054127e-01
-6.867213954814926069e+01,4.378422872664756715e-01
-7.264137061137795115e+01,4.059969913633798555e-01
-7.649122283264138389e+01,3.722178736655756826e-01
-8.021668700634501192e+01,3.364269435034679123e-01
-8.381295120322694459e+01,2.985573907502027113e-01
-8.727540683929794341e+01,2.585584044654775093e-01
-9.059965443074990787e+01,2.164010412300575448e-01
-9.378150902788806320e+01,1.720852428881886054e-01
-9.681700532162793138e+01,1.256480593918878341e-01
-9.970240241658868285e+01,7.717305746365465957e-02
-1.024341882653093734e+02,2.680078068557817383e-02
-1.050090837586256640e+02,-2.526003706928825476e-02
-1.074240464677547209e+02,-7.872102041349088308e-02
-1.096762740341418834e+02,-1.332032482834371589e-01
-1.117632072036490740e+02,-1.882279886267776980e-01
-1.136825325021841024e+02,-2.432104760245071273e-01
-1.154321845503853865e+02,-2.974583988278168278e-01
-1.170103480155120650e+02,-3.501768958655937514e-01
-1.184154591992026724e+02,-4.004817702740740559e-01
-1.196462072602970466e+02,-4.474222122529372681e-01
-1.207015350724383183e+02,-4.890289102994256898e-01
-1.215806397166894612e+02,-5.222744221717937618e-01
-1.222829726099224104e+02,-5.478415119465287475e-01
-1.228082392702532815e+02,-5.664145251598726727e-01
-1.231563987213058340e+02,-5.784760260769932216e-01
-1.233276625375974191e+02,-5.843380971404991131e-01
-1.233224935338413815e+02,-5.843339695104471376e-01
-1.231416041014556129e+02,-5.841894282106859793e-01
-1.227859541960592509e+02,-5.839047046641118177e-01
-1.222567489802186174e+02,-5.834797114205120261e-01
-1.215554361261803962e+02,-5.829140446473360937e-01
-1.206837027837933931e+02,-5.822069852563832582e-01
-1.196434722192783653e+02,-5.813574987016497664e-01
-1.184369001309514715e+02,-5.803642334755289012e-01
-1.170663706484416053e+02,-5.792255183231996840e-01
-1.155344920223679708e+02,-5.779393581882880104e-01
-1.138440920118576116e+02,-5.765034288967708642e-01
-1.119982129776838065e+02,-5.749150705805728956e-01
-1.100001066891920516e+02,-5.731712798373914675e-01
-1.078532288535607222e+02,-5.712687006190456662e-01
-1.055612333763003505e+02,-5.692036138370831777e-01
-1.031279663622433844e+02,-5.669719256716224676e-01
-1.005574598666144084e+02,-5.645691545675247669e-01
-9.785392540607907108e+01,-5.619904169011439299e-01
-9.502174723998248851e+01,-5.592304113012623867e-01
-9.206547543226901098e+01,-5.562834016096050993e-01
-8.898981870484352896e+01,-5.531431984698133020e-01
-8.579963709339726563e+01,-5.498031395392816156e-01
-8.249993441695056617e+01,-5.462560683262162042e-01
-7.909585057258631480e+01,-5.424943116651729236e-01
-7.559265366705730571e+01,-5.385096558587295634e-01
-7.199573199713049121e+01,-5.342933215315813777e-01
-6.831058589069749587e+01,-5.298359372670181644e-01
-6.454281942084227808e+01,-5.251275121255051248e-01
-6.069813200517240404e+01,-5.201574071820426193e-01
-5.678230990285145197e+01,-5.149143062645998858e-01
-5.280121762185562062e+01,-5.093861861318095263e-01
-4.876078924905509382e+01,-5.035602863961662345e-01
-4.466701971579055197e+01,-4.974230795815223205e-01
-4.052595601164191663e+01,-4.909602418032311677e-01
-3.634368835912710693e+01,-4.841566246789489325e-01
-3.212634136204987811e+01,-4.769962292212480692e-01
-2.788006514022898585e+01,-4.694621826338712944e-01
-2.361102646329099386e+01,-4.615367191359956989e-01
-1.932539989616205744e+01,-4.532011661783211798e-01
-1.502935896883702860e+01,-4.444359376966459108e-01
-1.072906738290910944e+01,-4.352205363786406656e-01
-6.430670267240153670e+00,-4.255335673041663602e-01
-2.140285495046438502e+00,-4.153527657649634941e-01
2.136004925483950601e+00,-4.046550425820943930e-01
6.392163375057045016e+00,-3.934165508246857401e-01
1.062220504982105673e+01,-3.816127784954336244e-01
1.482020627898076093e+01,-3.692186724889318095e-01
1.898031272205325948e+01,-3.562087999464625954e-01
2.309674743456817581e+01,-3.425575540183639633e-01
2.716381879124744714e+01,-3.282394119877799499e-01
3.117592825593620276e+01,-3.132292546823470802e-01
3.512757798782807583e+01,-2.975027570635339069e-01
3.901337827380370982e+01,-2.810368607788066297e-01
4.282805477697625207e+01,-2.638103402073582737e-01
4.656645559186009109e+01,-2.458044740133523698e-01
5.022355809687211092e+01,-2.270038342931669506e-01
5.379447559521408095e+01,-2.073972048733720985e-01
5.727446373552129444e+01,-1.869786389453346187e-01
6.065892670400085507e+01,-1.657486637211611491e-01
6.394342318015386439e+01,-1.437156358269480183e-01
6.712367204853883607e+01,-1.208972453383848622e-01
7.019555785940599435e+01,-9.732215831981283483e-02
7.315513603143266153e+01,-7.303177708166097570e-02
7.599863779017246657e+01,-4.808208383430201405e-02
7.872247483623078779e+01,-2.254551686304806513e-02
8.132324373760521041e+01,3.487191073687667675e-03
8.379773004102796108e+01,2.990530416003911451e-02
8.614291209757034551e+01,5.657661974106020786e-02
8.835596459820791893e+01,8.334638670502114710e-02
9.043426181546304576e+01,1.100367626064807647e-01
9.237538054767499318e+01,1.364469788008466633e-01
9.417710276289956539e+01,1.623543850225773744e-01
9.583741793986486357e+01,1.875165321609888469e-01
9.735452510385601954e+01,2.116744204625587988e-01
9.872683455585341505e+01,2.345569871430152054e-01
9.995296929367978578e+01,2.558868316877043192e-01
1.010317661243661718e+02,2.753870813533232376e-01
1.019622764673803204e+02,2.927891898369378576e-01
1.027437668488143174e+02,3.078413490949071241e-01
1.033757190870583429e+02,3.203170916266567247e-01
1.038578301709279117e+02,3.300235837040105258e-01
1.041900118316511055e+02,3.368090737824248060e-01
1.043723898105456129e+02,3.405689756701820170e-01
1.044053028246465402e+02,3.412501373833230489e-01
1.042893012329660110e+02,3.411437501151284302e-01
1.040251454064815562e+02,3.409011394333854028e-01
1.036138038053595665e+02,3.405223810326014622e-01
1.030564507673239234e+02,3.400072897826624807e-01
1.023544640114766509e+02,3.393554218959529134e-01
1.015094218622628688e+02,3.385660762843976102e-01
1.005231001986567065e+02,3.376382951404852673e-01
9.939746913401205575e+01,3.365708637745499221e-01
9.813468943238572706e+01,3.353623097394171637e-01
9.673710866749524939e+01,3.340109012729794991e-01
9.520725713081047559e+01,3.325146450893938788e-01
9.354784349561350609e+01,3.308712835504723504e-01
9.176175024418392923e+01,3.290782912505314517e-01
8.985202886556757562e+01,3.271328710505605475e-01
8.782189483169123889e+01,3.250319496011808695e-01
8.567472235987145268e+01,3.227721723986241020e-01
8.341403897002858514e+01,3.203498984239945280e-01
8.104351984518774543e+01,3.177611944235816388e-01
7.856698200408511923e+01,3.150018288971514480e-01
7.598837829494139839e+01,3.120672658721859172e-01
7.331179121966810897e+01,3.089526585552300197e-01
7.054142659798864656e+01,3.056528429671425684e-01
6.768160708114757540e+01,3.021623316874528786e-01
6.473676552504366555e+01,2.984753078545820948e-01
6.171143823279625451e+01,2.945856195938227895e-01
5.861025807690118938e+01,2.904867750741584320e-01
5.543794751124965359e+01,2.861719384287046974e-01
5.219931148341233751e+01,2.816339268124372630e-01
4.889923025769349607e+01,2.768652089154521878e-01
4.554265215952869283e+01,2.718579053009579916e-01
4.213458625188544460e+01,2.666037909952712059e-01
3.868009495437743794e+01,2.610943008229165141e-01
3.518428661583660499e+01,2.553205380542546976e-01
3.165230805111128731e+01,2.492732870165814685e-01
2.808933705287030591e+01,2.429430304129704954e-01
2.450057488919085102e+01,2.363199721967876865e-01
2.089123879766633252e+01,2.293940669640708307e-01
1.726655448675042592e+01,2.221550569509844753e-01
1.363174865500016431e+01,2.145925178589604965e-01
9.992041538795326971e+00,2.066959148749709652e-01
6.352639499045924509e+00,1.984546704072802648e-01
2.718727657302642875e+00,1.898582452153334543e-01
-9.045374084462172171e-01,1.808962347724545339e-01
-4.512034898110054648e+00,1.715584828567326969e-01
-8.098686943941554972e+00,1.618352145114938523e-01
-1.165946567520547816e+01,1.517171906429759520e-01
-1.518940018337475983e+01,1.411958866168054882e-01
-1.868358337831950422e+01,1.302636972614281685e-01
-2.213717872614800086e+01,1.189141706664325060e-01
-2.554542685958309534e+01,1.071422730533240220e-01
-2.890365205195677945e+01,9.494468676795775330e-02
-3.220726854613667456e+01,8.232014306476842513e-02
-3.545178672995660207e+01,6.926979078595363326e-02
-3.863281914995839372e+01,5.579760124302635127e-02
-4.174608635551553704e+01,4.191080853996131950e-02
-4.478742256569976377e+01,2.762038319252990703e-02
-4.775278115151662917e+01,1.294153515673701627e-02
-5.063823992643384742e+01,-2.105759752777602856e-03
-5.344000623843198383e+01,-1.749621861486705399e-02
-5.615442185711564349e+01,-3.319870683241621379e-02
-5.877796764973860633e+01,-4.917570506766599792e-02
-6.130726804031701960e+01,-6.538280612052171925e-02
-6.373909524635305957e+01,-8.176826396156244847e-02
-6.607037328801465037e+01,-9.827262086984434042e-02
-6.829818176496344506e+01,-1.148284420600141909e-01
-7.041975939638615500e+01,-1.313601899693956909e-01
-7.243250732012566573e+01,-1.477842720992501580e-01
-7.433399214716989434e+01,-1.640092964988093538e-01
-7.612194876813128985e+01,-1.799365671577339842e-01
-7.779428290870175999e+01,-1.954608472697613175e-01
-7.934907343144908509e+01,-2.104714111749083072e-01
-8.078457438168261717e+01,-2.248533955710420029e-01
-8.209921677550234165e+01,-2.384894473454742814e-01
-8.329161012850975965e+01,-2.512616494696134906e-01
-8.436054372403636137e+01,-2.630536885527940960e-01
-8.530498762012820180e+01,-2.737532089780003730e-01
-8.612409339489286708e+01,-2.832542804990854091e-01
-8.681719463019030059e+01,-2.914598904638132648e-01
-8.738380713402804645e+01,-2.982843602101045155e-01
-8.782362890238525210e+01,-3.036555792915485164e-01
-8.813653982156071720e+01,-3.075169522693612656e-01
-8.832260111250832324e+01,-3.098289615060719759e-01
-8.838205451898095077e+01,-3.105702655927118361e-01
-8.831532124166362507e+01,-3.105009350946710267e-01
-8.812300062083077989e+01,-3.103009211104159615e-01
-8.780586857040911752e+01,-3.099704256510673606e-01
-8.736487576667082067e+01,-3.095094433450857885e-01
-8.680114559511983430e+01,-3.089177641045235401e-01
-8.611597185946190791e+01,-3.081949753805834913e-01
-8.531081625687474457e+01,-3.073404640406995902e-01
-8.438730562411035407e+01,-3.063534179006504043e-01
-8.334722895926910269e+01,-3.052328269468889133e-01
-8.219253422438536916e+01,-3.039774842864468862e-01
-8.092532493425980533e+01,-3.025859868644338313e-01
-7.954785653725038230e+01,-3.010567359924101183e-01
-7.806253259401202627e+01,-2.993879377347734572e-01
-7.647190076044002183e+01,-2.975776032049350928e-01
-7.477864858132036829e+01,-2.956235488283787127e-01
-7.298559910144069818e+01,-2.935233966359958035e-01
-7.109570630114306766e+01,-2.912745746582419137e-01
-6.911205036352889408e+01,-2.888743174989492069e-01
-6.703783278072810958e+01,-2.863196671770202872e-01
-6.487637130685142495e+01,-2.836074743349350502e-01
-6.263109476543461085e+01,-2.807343999250799804e-01
-6.030553771934886242e+01,-2.776969174985097766e-01
-5.790333501132611360e+01,-2.744913162359992054e-01
-5.542821618339998224e+01,-2.711137048782781278e-01
-5.288399978369132981e+01,-2.675600167312530697e-01
-5.027458756910537829e+01,-2.638260159429923757e-01
-4.760395861262200867e+01,-2.599073052723297472e-01
-4.487616332394984653e+01,-2.557993355942584923e-01
-4.209531739241535320e+01,-2.514974174148774111e-01
-3.926559566103143339e+01,-2.469967346985602052e-01
-3.639122594074785155e+01,-2.422923613421685829e-01
-3.347648277393609106e+01,-2.373792806654386744e-01
-3.052568115619969902e+01,-2.322524083229269287e-01
-2.754317022562926098e+01,-2.269066190807669248e-01
-2.453332692861532038e+01,-2.213367779404218361e-01
-2.150054967134444084e+01,-2.155377761310659501e-01
-1.844925196608741658e+01,-2.095045725311155405e-01
-1.538385608134506377e+01,-2.032322411166529452e-01
-1.230878670488981541e+01,-1.967160250684529821e-01
-9.228464628687300220e+00,-1.899513981981391098e-01
-6.147300464599094738e+00,-1.829341343750949811e-01
-3.069688399708056625e+00,-1.756603856463962998e-01
-1.193313034277410889e-13,-1.681267697384536408e-01
